{
  "quotes": [
    {
      "id": 1,
      "quote": "The only way to do great work is to love what you do.",
      "author": "Steve Jobs"
    },
    {
      "id": 2,
      "quote": "Success is not final, failure is not fatal: It is the courage to continue that counts.",
      "author": "Winston Churchill"
    },
    {
      "id": 3,
      "quote": "Don’t limit your challenges. Challenge your limits.",
      "author": "Jerry Dunn"
    },
    {
      "id": 4,
      "quote": "Sapne bade rakh, mehnat aur tez kar, duniya ko dikha de ki tu kaun hai! 💪",
      "author": "Kulbhushan Jadeja"
    },
    {
      "id": 5,
      "quote": "Kal ke liye wait mat kar, aaj hi apni taqat dikhade! 🔥",
      "author": "Kulbhushan Jadeja"
    }
  ]
}